Data,Positive Score,Negative Score,Neutral Score,Change in SPY
1/2/20,1.441279113,6.204747558,17.41888815,0
1/3/20,7.862580925,13.49848878,49.66567808,-2.459991455
1/6/20,2.895552993,13.02082062,16.37839562,1.230010986
1/7/20,4.684693038,20.04948011,53.75217164,-0.910003662
1/8/20,11.33375168,27.58697197,48.33519149,1.720001221
1/9/20,5.04342559,23.70010743,50.1121524,2.199981689
1/10/20,10.80350727,19.68207344,53.0993591,-0.940002441
1/13/20,1.253433287,5.753696322,22.90798363,2.240020752
1/14/20,9.104186356,21.64599577,44.67999616,-0.5
1/15/20,17.22144717,27.55854765,35.53738409,0.739990234
1/16/20,10.3178919,29.30385298,45.86533242,2.730010986
1/17/20,11.67086589,19.43857041,64.41233432,1.029998779
1/21/20,4.883192062,14.78305513,27.95823008,-0.650024414
1/22/20,5.81872046,24.52298582,34.23385552,0.040008545
1/23/20,8.938915908,29.58187312,52.17354205,0.380004883
1/24/20,11.25405088,27.83018911,37.54424962,-2.950012207
1/27/20,1.74448216,5.987320691,21.39288363,-5.269989014
1/28/20,7.250543952,21.2731266,33.24117094,3.390014648
1/29/20,12.32665384,32.72655374,42.88647714,-0.270019531
1/30/20,12.91633427,32.27732024,45.01387519,1.059997559
1/31/20,17.05112472,32.46641433,58.41894072,-5.949981689
2/3/20,2.388460219,11.1759907,21.01464403,2.389984131
2/4/20,5.933728427,22.8961218,42.90744245,4.940002441
2/5/20,8.113678157,27.38114345,54.04223105,3.799987793
2/6/20,12.8866556,25.22478843,47.42811462,1.120025635
2/7/20,15.21022794,35.18535769,59.92813861,-1.779998779
2/10/20,1.325969219,13.21649918,19.6747514,2.479980469
2/11/20,9.048149705,17.31585184,50.37918574,0.58001709
2/12/20,7.084053963,31.81578496,52.65645272,2.160003662
2/13/20,10.65677032,24.73381138,49.19121101,-0.360015869
2/14/20,13.39741439,31.19514,57.90447852,0.540008545
2/18/20,6.133964181,12.84827366,23.86075765,-0.869995117
2/19/20,6.60187766,28.33535248,38.4403519,1.609985352
2/20/20,7.783988953,23.65511379,46.87586054,-1.389984131
2/21/20,7.287850618,31.43121663,50.82319143,-3.470001221
2/24/20,3.325939536,11.87035096,20.52442527,-11.05999756
2/25/20,5.630789727,23.13945013,40.79722959,-9.770019531
2/26/20,8.242827833,31.74406627,43.21123931,-1.149993896
2/27/20,6.461906254,26.9317885,33.32674015,-13.98999023
2/28/20,13.47233939,37.61042798,53.06805179,-1.25
3/2/20,5.05033344,11.14048707,32.79561067,12.82998657
3/3/20,3.656495094,24.40138334,50.324402,-8.850006104
3/4/20,10.48774835,30.82914063,60.28397971,12.61999512
3/5/20,5.675155461,32.28208011,45.0981696,-10.3999939
3/6/20,7.934413731,32.97990549,53.02896202,-5
3/9/20,0.871694744,13.96590605,31.1641196,-23.22998047
3/10/20,7.122900784,30.92624494,55.86178961,14.19000244
3/11/20,7.729095459,31.63444018,54.52438557,-14.06002808
3/12/20,11.65686485,26.46349603,53.84954217,-26.24998474
3/13/20,12.11753881,45.16239953,59.29035112,21.21000671
3/16/20,3.285803795,17.97480977,30.17796344,-29.47000122
3/17/20,8.475613743,35.31990823,52.91645679,12.94999695
3/18/20,5.15774703,40.99664849,50.93258232,-12.80000305
3/19/20,7.541035205,49.04573017,48.35039234,0.509994507
3/20/20,8.018556654,35.99779159,54.26768252,-11.70999146
3/23/20,3.268947303,16.76518321,30.6308406,-5.850006104
3/24/20,3.749201655,29.17284852,44.75358844,20.19999695
3/25/20,8.009169221,42.07355845,54.3810026,3.63999939
3/26/20,7.525453091,34.16734898,48.97386029,14.41001892
3/27/20,10.17212883,33.47648534,50.29046798,-7.780014038
3/30/20,3.536055595,13.41465041,30.0628773,8.229995728
3/31/20,3.593405515,27.76246184,56.87284982,-3.899993896
4/1/20,10.83612132,30.4672277,50.43165171,-11.6000061
4/2/20,6.607466996,36.41697851,55.16256526,5.680007935
4/3/20,8.89497003,33.86472303,56.42419165,-3.63999939
4/6/20,1.017314494,18.39174005,24.04641023,16.66998291
4/7/20,8.898660958,28.72449172,49.14854085,0.270019531
4/8/20,7.740440011,30.32758147,47.60181928,8.899993896
4/9/20,6.639959037,38.83153644,48.7903828,4.170013428
4/13/20,2.609450698,12.83195096,26.26727432,-2.540008545
4/14/20,8.431031287,25.50937262,44.42294106,8.130004883
4/15/20,5.406852305,33.85000709,46.11822569,-6.029998779
4/16/20,8.833116114,33.40025258,54.99518874,1.339996338
4/17/20,7.613133788,29.10808384,62.65772772,7.540008545
4/20/20,3.742595971,11.46413922,20.78508621,-5.050018311
4/21/20,5.239389181,29.69511145,47.31744426,-8.549987793
4/22/20,5.148396015,38.2172147,55.12741518,6.059997559
4/23/20,8.622755349,25.76146081,56.69153273,-0.020019531
4/24/20,8.085112631,36.67958623,50.51125398,3.890014648
4/27/20,3.05748713,12.09097508,28.1335116,4.079986572
4/28/20,7.958229065,20.40212572,47.87901872,-1.319976807
4/29/20,13.09496871,30.31618607,53.6166119,7.479980469
4/30/20,7.944064945,39.64287865,45.99828398,-2.729980469
5/1/20,16.3065114,37.31515026,54.83804941,-7.690002441
5/4/20,2.766238868,8.651795208,27.84118304,0.779998779
5/5/20,14.25549108,21.32070175,51.97236323,2.619995117
5/6/20,9.958777338,37.54217061,44.48427382,-1.940002441
5/7/20,10.10827205,32.95359579,49.33508694,3.429992676
5/8/20,9.767995954,35.39509481,51.46537435,4.760009766
5/11/20,4.093844742,10.51521283,22.89099133,0.059997559
5/12/20,10.48603004,24.39656413,48.02479765,-5.829986572
5/13/20,11.16603753,34.64022291,41.73015568,-5.070007324
5/14/20,5.928541183,30.03248775,54.02806571,3.369995117
5/15/20,5.681572735,25.52721545,57.05980977,1.309997559
5/18/20,1.58055073,7.815835446,30.24897337,8.720001221
5/19/20,5.269798219,18.64658535,45.1086674,-3.029998779
5/20/20,8.05986917,32.94894224,47.50469351,4.959991455
5/21/20,3.178046644,32.43575811,48.61168188,-2.049987793
5/22/20,9.246726334,32.92614859,46.6667017,0.559997559
5/26/20,5.404506296,18.06119785,20.19689327,3.639984131
5/27/20,7.680328429,20.39393324,48.08931369,4.450012207
5/28/20,5.971692741,20.56940174,52.68668634,-0.559997559
5/29/20,4.19105643,29.89258051,52.60545531,1.350006104
6/1/20,5.879388809,9.341174781,24.21966478,1.229980469
6/2/20,7.581354916,20.75504497,39.92693737,2.529998779
6/3/20,5.88461116,21.42516232,44.26594469,4.100006104
6/4/20,13.04849672,30.27380416,44.3885127,-0.820007324
6/5/20,6.707711607,26.05430862,54.16128826,7.980010986
6/8/20,1.72841692,12.90823925,24.63802117,3.860015869
6/9/20,9.244778097,26.17993036,44.0673888,-2.410003662
6/10/20,11.10103303,27.37700042,34.67005271,-1.790008545
6/11/20,7.504367828,29.51050073,50.22831637,-18.39001465
6/12/20,7.308072448,27.08029225,47.84877086,3.600006104
6/15/20,1.278056532,6.633538246,26.139552,2.839996338
6/16/20,7.636104971,35.48190975,33.68993288,5.910003662
6/17/20,7.799434721,35.92633235,39.888616,-1.299987793
6/18/20,6.59183526,28.0860616,38.33657205,0.119995117
6/19/20,10.88960934,35.44234306,56.22443095,-3.139984131
6/22/20,0.852465272,17.6055547,24.15556008,1.979980469
6/23/20,4.98832199,25.84074855,40.37202114,1.429992676
6/24/20,8.644717991,18.04412013,52.86376542,-7.959991455
6/25/20,7.226126373,29.44249111,50.69231656,3.260009766
6/26/20,11.4737497,28.94031769,53.08504239,-7.300018311
6/29/20,3.630077451,10.48417869,29.12068444,4.410003662
6/30/20,4.39717257,25.76436731,35.36944437,3.899993896
7/1/20,9.494098306,39.79864797,57.91990909,2.160003662
7/2/20,10.81035087,33.22058859,51.95311546,1.710021973
7/6/20,0.808060825,8.299874991,28.64994097,4.819976807
7/7/20,7.104112566,19.76986229,50.2149694,-3.269989014
7/8/20,7.488641202,29.89062884,48.72418544,2.399993896
7/9/20,9.654173225,28.21003777,50.31662667,-1.799987793
7/10/20,13.75304189,27.68942744,56.53543994,3.209991455
7/13/20,5.095856667,11.83926314,29.22695798,-2.75
7/14/20,7.608590931,18.01567996,42.31302768,4.08001709
7/15/20,8.26410985,29.47619811,43.73074323,2.929992676
7/16/20,8.794509113,30.81515503,49.79465765,-1.059997559
7/17/20,10.68867356,23.39575425,52.30307159,0.929992676
7/20/20,2.803385913,10.8891837,22.6658985,2.600006104
7/21/20,5.166376919,19.64222637,38.90519571,0.690002441
7/22/20,11.51108521,22.5134083,49.67002207,1.849975586
7/23/20,10.63609934,24.97912419,46.84388974,-3.899993896
7/24/20,9.804053813,31.42133656,49.92035985,-2.079986572
7/27/20,1.660988808,12.65077132,22.96277729,2.339996338
7/28/20,7.031391919,16.62672281,41.65837637,-2.049987793
7/29/20,9.674080044,32.87868655,48.88445157,3.949981689
7/30/20,12.58092988,35.76756674,37.70691445,-1.160003662
7/31/20,14.67814749,40.83425391,47.78045362,2.559997559
8/3/20,3.546957165,12.36871111,22.19669968,2.270019531
8/4/20,9.978270888,22.56435114,44.55766773,1.269989014
8/5/20,14.22687972,34.86472425,40.44191295,2.049987793
8/6/20,8.396994501,23.96457165,47.09816694,2.220001221
8/7/20,9.021892399,20.38654983,51.10958833,0.240020752
8/10/20,0.580751598,10.09580851,30.20578471,1
8/11/20,13.01318461,20.11228576,36.39358672,-2.770019531
8/12/20,5.941641062,20.76192147,38.9016965,4.640014648
8/13/20,9.640169472,32.694713,52.80568385,-0.610015869
8/14/20,8.335992694,21.86883593,57.00946519,0.010009766
8/17/20,1.424634099,13.04620478,21.40817982,1.070007324
8/18/20,3.313246608,24.82668862,35.72408202,0.730010986
8/19/20,9.304674268,18.13771817,56.32219097,-1.410003662
8/20/20,7.870020151,22.1880295,42.22455144,1.049987793
8/21/20,8.273318589,25.45049125,49.57104018,1.200012207
8/24/20,4.855424404,11.3580417,22.97203639,3.440002441
8/25/20,8.151144743,20.9397248,35.05920741,1.199981689
8/26/20,5.159511775,25.08463934,47.28786731,3.450012207
8/27/20,6.83967191,26.23046276,57.23533744,0.759979248
8/28/20,8.941038042,26.97015256,52.47872412,2.25
8/31/20,4.926766872,8.602148294,29.46709263,-1.269989014
9/1/20,6.163520634,20.80702317,38.43381014,3.290008545
9/2/20,10.91872889,22.08138248,43.14833164,5.100006104
9/3/20,12.66854948,28.849392,46.01749831,-12.30999756
9/4/20,5.622116417,22.55393898,44.87355453,-2.820007324
9/8/20,7.964454293,21.07584518,23.12937081,-9.360015869
9/9/20,7.215146363,26.210998,44.3447665,6.58001709
9/10/20,3.8223629,26.81915715,44.47905061,-5.899993896
9/11/20,11.22720367,23.67356408,57.48834103,0.16998291
9/14/20,3.279023975,8.443298787,27.36497241,4.399993896
9/15/20,9.705346763,19.58278656,47.16354707,1.710021973
9/16/20,15.55592328,22.79641545,54.70850995,-1.350006104
9/17/20,6.07387659,24.4364658,52.31219622,-2.980010986
9/18/20,4.966505051,24.37573808,45.72243798,-5.190002441
9/21/20,3.951942861,7.63016963,25.62101603,-3.679992676
9/22/20,6.963391304,24.93225387,43.11318135,3.329986572
9/23/20,6.886854589,20.24480119,47.18049029,-7.659973145
9/24/20,11.79774305,21.8963846,58.11143786,0.859985352
9/25/20,7.99088943,24.68409216,51.32091951,5.230010986
9/28/20,6.429304004,6.899951756,20.18646702,5.459991455
9/29/20,11.67292514,13.41178986,45.15876555,-1.820007324
9/30/20,14.97014657,22.81391251,46.37861225,2.520019531
10/1/20,9.523527533,25.28975266,64.36537799,2.149993896
10/2/20,13.66463631,27.91463828,55.02145371,-3.200012207
10/5/20,5.851285398,9.091142476,28.65363562,5.920013428
10/6/20,11.42046636,19.81618738,51.35655171,-4.83001709
10/7/20,13.69524056,22.9517867,50.6966233,5.83001709
10/8/20,2.578558326,21.11376548,52.30496603,3.019989014
10/9/20,9.131996691,26.28107607,57.02286926,3.070007324
10/12/20,2.166986585,12.1088177,29.34055656,5.579986572
10/13/20,8.101609051,19.89294535,34.81189665,-2.299987793
10/14/20,12.91699943,22.56522655,54.01892489,-2.200012207
10/15/20,9.117779732,28.21087575,51.45605323,-0.429992676
10/16/20,9.866183192,22.57310116,47.78531986,-0.209991455
10/19/20,5.582348287,10.71215054,29.69123068,-5.279998779
10/20/20,11.35046953,17.67515552,42.46054286,1.369995117
10/21/20,11.6763289,20.14603075,54.75276539,-0.649993896
10/22/20,12.07656369,16.25431418,52.06263787,1.879974365
10/23/20,16.7267513,27.17220187,52.29749721,1.170013428
10/26/20,4.411361963,14.49083355,32.60963759,-6.389984131
10/27/20,6.908605337,12.24329805,44.46695632,-1.170013428
10/28/20,12.95298094,25.54528648,45.71887079,-11.55999756
10/29/20,15.11167145,26.36954623,55.38344657,3.320007324
10/30/20,18.84186032,33.4449729,47.52214733,-3.440002441
11/2/20,4.15685451,10.28866416,31.55458176,3.660003662
11/3/20,5.315927982,23.93735647,54.16507342,5.829986572
11/4/20,7.148543715,21.68204391,46.58468884,7.510009766
11/5/20,7.673417091,23.31838718,43.86991543,6.699981689
11/6/20,9.742690504,20.7060788,48.63348982,-0.079986572
11/9/20,3.503173292,6.126554966,31.87428015,4.399993896
11/10/20,11.06340018,19.02015978,43.47742459,-0.519989014
11/11/20,11.85793495,20.24139959,53.99447906,2.630004883
11/12/20,8.269080251,16.37947881,46.38688424,-3.460021973
11/13/20,9.765121996,22.21502864,49.05219406,4.890014648
11/16/20,5.014507562,10.40947193,39.11261719,4.470001221
11/17/20,10.29865247,18.22144312,44.90197045,-1.950012207
11/18/20,12.5477646,19.68853241,44.56054702,-4.339996338
11/19/20,9.557012975,22.98682374,47.0244844,1.5
11/20/20,4.916214645,22.94964886,49.75898138,-2.450012207
11/23/20,0.878836989,8.226105958,30.64219245,2.130004883
11/24/20,4.816340327,17.98606595,46.60199147,5.760009766
11/25/20,10.0773406,20.59920719,40.77018276,-0.559997559
11/27/20,7.519900024,11.80857956,19.44971752,1.010009766
11/30/20,3.537802696,14.98756403,17.8703686,-1.610015869
12/1/20,5.121533453,21.65181389,37.45391449,3.959991455
12/2/20,7.349322915,15.46060479,45.84944153,0.770019531
12/3/20,10.65358573,20.00882012,48.35073015,-0.100006104
12/4/20,15.88574138,23.40793282,47.98180252,3.160003662
12/7/20,4.353903472,10.08048224,20.08188939,-0.760009766
12/8/20,6.792358756,19.93612999,38.70196414,1.08001709
12/9/20,10.08264977,17.71702451,62.2764225,-3.320007324
12/10/20,9.986154616,17.75431439,60.23693103,-0.119995117
12/11/20,13.03159872,21.7421667,68.46861812,-0.430023193
12/14/20,2.448050022,16.7403259,30.25236097,-1.639984131
12/15/20,6.578648329,10.91987792,42.87643528,4.929992676
12/16/20,8.633238614,17.1542713,55.24124271,0.58001709
12/17/20,8.689049602,27.17676124,51.07234433,2.069976807
12/18/20,10.4382903,14.63680148,51.51301467,-3.059997559
12/21/20,3.445008397,10.92562824,21.29801142,-1.320007324
12/22/20,6.960127056,17.47326362,42.60936871,-0.619995117
12/23/20,8.832817167,16.49551916,52.39168864,0.33001709
12/24/20,6.221535385,14.70880675,40.40404958,1.429992676
12/28/20,2.333112299,10.14445016,22.87683225,3.170013428
12/29/20,2.470793396,16.95783266,30.4945842,-0.710021973
12/30/20,10.11238331,10.61869472,40.21801183,0.529998779
12/31/20,9.689175755,10.34435728,39.19469017,1.890014648
1/4/21,2.551706612,3.389895618,23.92724636,-5.089996338
1/5/21,9.381052315,14.17774403,35.78992683,2.539978027
1/6/21,6.178922981,15.34759924,44.30337268,2.220001221
1/7/21,10.17151597,18.03892484,48.91678178,5.550018311
1/8/21,9.533495396,17.32194048,44.7438359,2.160003662
1/11/21,2.837272048,9.987280756,24.01188022,-2.570007324
1/12/21,6.993449807,20.73269653,50.19027802,0.079986572
1/13/21,10.4315992,24.45120123,44.14909202,1.020019531
1/14/21,11.29043373,20.76547822,57.51210642,-1.33001709
1/15/21,9.992582679,23.23684168,57.41620696,-2.759979248
1/19/21,6.425310582,8.955208868,30.65668759,2.949981689
1/20/21,4.686557829,16.83404854,47.89975145,5.240020752
1/21/21,10.53467,11.8441042,42.39312142,0.349975586
1/22/21,8.582699358,15.72353539,54.78530979,-1.359985352
1/25/21,2.196552932,8.161685348,23.55457795,1.510009766
1/26/21,5.067212582,14.89751995,43.94839343,-0.600006104
1/27/21,16.77525979,19.34671998,48.68273154,-9.380004883
1/28/21,5.735714763,17.78030992,42.28515854,3.220001221
1/29/21,15.66274494,26.28799695,63.21238071,-7.559997559
2/1/21,3.477995276,9.44998607,25.59397131,6.160003662
2/2/21,11.11661473,10.20809841,41.70607716,5.319976807
2/3/21,10.77779102,21.53982109,39.10419902,0.300018311
2/4/21,16.49239698,20.24453071,60.28774315,4.339996338
2/5/21,16.3145915,29.37068889,48.38832939,1.519989014
2/8/21,2.894274771,10.02689132,24.17357063,2.800018311
2/9/21,12.2839132,22.43852443,37.88931361,-0.260009766
2/10/21,11.36076117,17.39461684,49.20903128,-0.170013428
2/11/21,8.440467596,24.25762364,54.56107879,0.630004883
2/12/21,11.90610504,15.83305648,55.50546941,1.930023193
2/16/21,3.36297673,7.820515394,23.92991024,-0.340026855
2/17/21,7.83411324,21.40812582,38.2103723,0.090026855
2/18/21,4.902145088,22.31810009,52.68082744,-1.670013428
2/19/21,5.647738278,21.34459957,59.03105098,-0.690002441
2/22/21,3.145571291,6.834740818,17.7468428,-3
2/23/21,6.059900045,18.86288184,42.66193992,0.470001221
2/24/21,7.997168094,24.78806809,37.98954225,4.269989014
2/25/21,12.01012731,28.36940643,52.93364128,-9.440002441
2/26/21,16.23347864,21.80480605,61.55077142,-1.970001221
3/1/21,3.723915488,7.338986754,24.79119971,9.220001221
3/2/21,6.081843853,22.3905375,42.8747243,-3.039978027
3/3/21,7.941801369,17.37476578,44.8625769,-5.119995117
3/4/21,10.01001006,25.37394723,53.93685311,-4.720001221
3/5/21,11.04325768,22.26750475,53.58605677,6.929992676
3/8/21,4.129233718,9.143716931,31.69053885,-1.910003662
3/9/21,6.917140007,16.61281952,39.32543352,5.450012207
3/10/21,8.700123966,14.92408869,51.6689142,2.409973145
3/11/21,11.94464844,20.08204168,61.07282007,3.950012207
3/12/21,12.14752489,17.39465863,55.24302915,0.529998779
3/15/21,3.688666165,8.921976626,21.10613018,2.350006104
3/16/21,8.409908593,18.88832948,38.66342729,-0.5
3/17/21,8.492330372,18.61619991,49.41510484,1.350006104
3/18/21,10.65604126,23.7174173,53.25033951,-5.779998779
3/19/21,6.326781034,17.68314454,58.25482994,-2
3/22/21,3.148581713,6.885235369,26.72859281,3.109985352
3/23/21,3.473403692,16.2051447,46.4957974,-3.089996338
3/24/21,8.545256138,20.35059044,48.55540961,-1.980010986
3/25/21,9.815129071,23.45462143,52.11465329,2.180023193
3/26/21,8.461776972,17.72789747,50.1790047,6.279998779
3/29/21,5.207528472,9.696703613,21.89707267,-0.200012207
3/30/21,4.234864473,14.03897592,35.51978323,-1.049987793
3/31/21,15.10875896,19.09223777,44.77081439,1.599975586
4/1/21,9.15225181,20.03864288,41.77094325,4.279998779
4/5/21,2.965976536,10.24694252,29.65101925,5.75
4/6/21,3.098032832,13.52627444,43.8867884,-0.239990234
4/7/21,7.934823662,18.55141515,45.82801384,0.470001221
4/8/21,14.36060226,14.07085896,55.53635114,1.929992676
4/9/21,11.52619421,17.72380656,62.50765929,2.970001221
4/12/21,3.067069232,7.967064977,23.00288865,0.150024414
4/13/21,8.66261059,11.43793273,45.12525079,1.219970703
4/14/21,3.311893582,19.89732438,52.55252796,-1.409973145
4/15/21,12.19796503,16.25447139,54.52913171,4.41998291
4/16/21,11.35684264,21.15550917,53.98069921,1.390014648
4/19/21,3.639738172,8.566482425,22.15700385,-2.050018311
4/20/21,8.439849347,15.17562765,45.24878031,-3.039978027
4/21/21,12.16655171,15.25607371,51.80689088,3.899993896
4/22/21,7.659294248,19.37233782,40.7177099,-3.800018311
4/23/21,8.224219263,22.1669299,40.58977413,4.470001221
4/26/21,2.119117916,8.2155357,21.89933491,0.869995117
4/27/21,3.031292498,14.58137989,38.94598877,-0.089996338
4/28/21,14.6578396,18.04973039,44.53921264,-0.119995117
4/29/21,10.36255777,16.58635938,54.03835499,2.660003662
4/30/21,14.76910153,15.13755006,53.50653431,-2.760009766
5/3/21,3.320560277,12.85450161,16.17846671,0.900024414
5/4/21,2.871418744,17.05211109,46.80335531,-2.58001709
5/5/21,8.638094306,11.51155421,50.01454598,0.130004883
5/6/21,8.917279303,23.96891272,47.21156561,3.320007324
5/7/21,8.698619902,16.62224466,49.72642434,3.049987793
5/10/21,2.771149337,12.00068745,27.43537116,-4.179992676
5/11/21,7.813796252,14.45112368,35.78923413,-3.730010986
5/12/21,6.011712313,19.32936782,41.70208967,-8.799987793
5/13/21,10.06944141,30.45328653,42.43132803,4.869995117
5/14/21,10.38858533,13.89977515,50.92590719,6.299987793
5/17/21,1.753709435,5.656546175,22.19050366,-1.059997559
5/18/21,3.721773386,9.167887151,52.94988668,-3.579986572
5/19/21,7.398705006,13.97116199,45.32894963,-1.08001709
5/20/21,2.205741346,13.92409855,41.22635379,4.420013428
5/21/21,4.964002192,23.44316813,57.05974793,-0.339996338
5/24/21,3.422917128,12.51263165,21.69352937,4.230010986
5/25/21,3.372793436,7.97741729,36.88034382,-0.930023193
5/26/21,6.776812136,18.59338176,45.40550366,0.83001709
5/27/21,9.792867124,15.22148058,51.02455527,0.220001221
5/28/21,9.896319211,16.22219187,50.5574708,0.75
6/1/21,3.477857202,8.142325342,24.57411209,-0.369995117
6/2/21,10.01226705,13.77070644,36.06429034,0.659973145
6/3/21,8.406022727,10.35405576,51.76382792,-1.559997559
6/4/21,5.716236472,18.7189301,51.10184091,3.83001709
6/7/21,2.276951432,9.052146941,23.56071794,-0.410003662
6/8/21,4.182386875,16.26249319,42.8745918,0.089996338
6/9/21,10.37282747,19.1644426,43.56482393,-0.630004883
6/10/21,10.1377278,20.7004531,48.01541296,1.959991455
6/11/21,9.22497341,24.76888564,58.0932987,0.700012207
6/14/21,3.01220113,12.02886167,24.12525231,0.950012207
6/15/21,8.92929092,13.35768768,39.77096727,-0.779998779
6/16/21,5.928531885,16.02181,41.04925129,-2.370025635
6/17/21,7.340073049,22.733201,43.65921238,-0.139984131
6/18/21,10.18570793,15.94312564,57.50027448,-7.049987793
6/21/21,2.181448877,6.558961332,23.18421274,5.939971924
6/22/21,5.87216273,21.79608065,30.74159503,2.25
6/23/21,5.143869162,13.76030293,37.43083876,-0.509979248
6/24/21,4.61952126,13.05246097,47.447487,2.5
6/25/21,7.157439828,10.68681672,50.73701769,1.509979248
6/28/21,2.952086151,9.092425078,24.87603688,0.860015869
6/29/21,7.333695233,12.26056442,36.03524691,0.230010986
6/30/21,10.39643934,15.33946678,33.68822715,0.359985352
7/1/21,5.850544542,21.92544511,47.41250595,2.369995117
7/2/21,14.69166911,17.10380453,63.33178607,3.290008545
7/6/21,5.156543314,16.24798834,22.48806545,-0.790008545
7/7/21,10.27936098,20.11527157,36.72120929,1.529998779
7/8/21,10.68332678,13.73880512,45.12863809,-3.539978027
7/9/21,8.259833336,10.95901644,56.84974509,4.599975586
7/12/21,2.475154579,4.076616585,25.03975657,1.559997559
7/13/21,7.529954612,17.25063819,47.50954959,-1.489990234
7/14/21,11.76575285,21.77643514,41.21272793,0.649993896
7/15/21,10.35232985,11.65225503,44.34916675,-1.489990234
7/16/21,7.100636244,24.3061384,51.62699991,-3.410003662
7/19/21,2.932169974,10.64049214,21.83994764,-6.369995117
7/20/21,9.023836553,23.15028161,40.5779978,6.089996338
7/21/21,4.89080748,15.25186795,45.89514637,3.489990234
7/22/21,8.792754471,17.5648945,40.50935316,0.910003662
7/23/21,8.09436962,17.17311123,41.8047623,4.480010986
7/26/21,2.986265004,11.60496625,17.97111446,1.079986572
7/27/21,7.203399122,14.67944282,36.50636655,-2.009979248
7/28/21,15.57325166,15.39622506,39.68481135,-0.180023193
7/29/21,12.50214177,15.97908846,40.90630895,1.820007324
7/30/21,9.735755563,21.75783587,51.33357027,-2.139984131
8/2/21,3.532886386,9.776806742,18.1626963,-0.920013428
8/3/21,3.995524168,18.15060893,33.68671322,3.559997559
8/4/21,10.03176647,16.61510724,40.11020324,-2.16998291
8/5/21,8.72071448,29.73024642,34.80406025,2.779998779
8/6/21,7.442312777,17.84205979,48.7990247,0.729980469
8/9/21,2.967833072,12.06523374,18.2839244,-0.359985352
8/10/21,6.228688359,22.83893669,31.73699456,0.549987793
8/11/21,6.074680805,20.6813339,48.5925467,1.100006104
8/12/21,10.98400307,20.92657954,35.8909514,1.329986572
8/13/21,9.214705855,14.76120642,53.30413467,0.810028076
8/16/21,0.947584152,8.393334627,21.6345095,1.049987793
8/17/21,5.726511508,10.88547319,33.47002888,-2.929992676
8/18/21,8.195867479,19.72785258,36.0591782,-4.860015869
8/19/21,7.876693696,18.74310362,41.41797936,0.679992676
8/20/21,4.651775301,22.62698972,47.65135854,3.5
8/23/21,1.250837862,8.002438843,24.23010728,3.900024414
8/24/21,4.825142264,14.11221704,36.87923521,0.709991455
8/25/21,4.814374,17.10496515,39.82910025,0.940002441
8/26/21,6.300210565,18.61038655,42.05462164,-2.649993896
8/27/21,4.329923034,17.75704679,53.0310739,3.989990234
8/30/21,1.859026849,11.50372064,18.46114674,1.980010986
8/31/21,6.46810329,15.14942378,28.54163927,-0.670013428
9/1/21,7.43644008,24.72304219,34.449083,0.239990234
9/2/21,5.659646213,19.43637425,43.59343219,1.390014648
9/3/21,2.39099288,23.81350386,44.58081865,-0.110015869
9/7/21,4.636150181,12.85724729,30.76758724,-1.619995117
9/8/21,5.883192867,10.75099617,46.74022084,-0.549987793
9/9/21,6.965831816,18.87711197,50.60183534,-1.929992676
9/10/21,8.824674517,16.16445249,55.28919587,-3.540008545
9/13/21,2.306937337,10.94989449,18.775426,1.139984131
9/14/21,5.881697834,14.08160973,45.0799633,-2.409973145
9/15/21,7.052231848,25.02902591,35.95353577,3.709991455
9/16/21,7.683213651,21.52976319,51.42013693,-0.709991455
9/17/21,6.529616714,19.8486574,48.87659788,-5.770019531
9/20/21,3.231056929,4.668886065,27.06335318,-7.359985352
9/21/21,3.892617345,15.29446891,36.95935002,-0.410003662
9/22/21,3.548051953,20.74353641,49.99582741,4.229980469
9/23/21,8.860195607,17.97232911,50.208736,5.320007324
9/24/21,5.018193722,17.6049571,52.32580957,0.730010986
9/27/21,3.24977237,8.203653753,16.78633112,-1.269989014
9/28/21,7.206727684,20.01856154,38.58820158,-8.920013428
9/29/21,9.328144252,19.69046995,36.0570749,0.730010986
9/30/21,4.779335618,16.29954243,35.86261186,-5.309997559
10/1/21,2.360105038,30.5181728,48.60567209,5.099975586
10/4/21,0.908117592,13.83428562,17.50742352,-5.599975586
10/5/21,6.390409201,9.748641849,41.15764391,4.459991455
10/6/21,7.661751807,14.61672086,33.21586335,1.799987793
10/7/21,4.151061654,21.28332099,47.49074957,3.760009766
10/8/21,7.416389227,13.9007718,42.47711772,-0.800018311
10/11/21,1.105913281,12.87600151,23.00433218,-3.16998291
10/12/21,4.456684828,9.507918924,40.10252509,-1.070007324
10/13/21,5.79286617,21.22231141,53.83674791,1.559997559
10/14/21,8.008973569,13.47282392,45.10539317,7.320007324
10/15/21,12.30188024,25.85340276,53.24706906,3.369995117
10/19/21,2.347492039,7.993097186,19.88507035,1.320007324
10/20/21,14.8124488,25.72212216,42.0532645,3.450012207
10/21/21,8.93821156,21.20699435,41.88143778,1.769989014
10/22/21,8.99184382,28.99316707,60.73914933,1.179992676
10/25/21,3.77163744,11.02604839,26.17070603,-0.470001221
10/26/21,8.131609619,16.19932353,37.26584926,2.429992676
10/27/21,11.52240598,18.66987759,40.71278262,0.410003662
10/28/21,8.810322285,19.36790437,43.12269962,-2.019989014
10/29/21,11.74564984,29.26116088,50.48925745,4.380004883
11/1/21,3.967349648,9.972586393,21.8134197,0.929992676
11/2/21,4.036459446,17.09640878,40.17634183,0.790008545
11/3/21,10.47839838,14.42663017,48.47429699,1.859985352
11/4/21,10.65153769,18.94637206,61.21719044,2.820007324
11/5/21,8.224152029,20.01153302,63.960334,2.190002441
11/8/21,5.26023972,6.326848447,23.77806431,1.619995117
11/9/21,6.724232048,19.22263047,37.65353823,0.399993896
11/10/21,6.895412624,16.48309004,54.88956362,-1.549987793
11/11/21,11.88315219,30.39042163,46.57330868,-3.760009766
11/12/21,3.589131445,15.58937433,44.03470564,0.149993896
11/15/21,2.390101969,12.22515768,23.92899913,3.5
11/16/21,4.575418651,21.66128689,38.87836713,0.160003662
11/17/21,10.39184892,18.53693661,46.87698588,1.850006104
11/18/21,13.40749753,19.065997,49.43504527,-1.139984131
11/19/21,6.015420198,19.53623167,53.08916783,1.589996338
11/22/21,5.774196386,8.365500003,19.28928322,-0.839996338
11/23/21,6.813430578,20.27756956,40.1034421,-1.320007324
11/24/21,6.563597977,13.95437393,45.19001099,0.619995117
11/26/21,2.24100244,12.89269823,23.81245717,1.25
11/29/21,1.728912115,9.984394252,27.72456282,-10.47000122
11/30/21,5.434240818,17.12854248,39.76075721,5.630004883
12/1/21,8.89415729,22.06355217,37.26452377,-9.040008545
12/2/21,6.119968712,20.77609769,40.08604246,-5.059997559
12/3/21,8.260309577,24.394187,47.51421136,6.899993896
12/6/21,5.419491649,10.71835184,22.56412798,-3.979980469
12/7/21,7.535850227,14.50532186,43.7101419,5.369995117
12/8/21,12.71125591,24.84210557,48.90145588,9.489990234
12/9/21,9.590913236,14.13959476,48.60238707,1.239990234
12/10/21,8.180792212,23.98573843,49.41818556,-3.16998291
12/13/21,4.359616578,7.728368163,27.0472714,4.389984131
12/14/21,1.367320716,20.46031767,43.21759751,-4.16998291
12/15/21,4.826701045,23.6739186,41.37030014,-3.210021973
12/16/21,8.061072111,21.08127737,43.74290657,7.240020752
12/17/21,2.713651985,29.54468602,50.46796501,-4.149993896
12/20/21,1.938428938,10.04713443,22.17461041,-6.58001709
12/21/21,4.842451572,20.22191921,40.61006379,-4.889984131
12/22/21,9.302260756,16.06110042,37.05775222,8.079986572
12/23/21,6.894688427,14.65431899,52.26813412,4.630004883
12/27/21,0.926021039,10.84691232,18.15528023,2.910003662
12/28/21,3.105572283,14.08330739,27.50734288,6.660003662
12/29/21,2.802079678,14.49459815,34.61961713,-0.390014648
12/30/21,8.012408823,12.42257661,30.92450398,0.610015869
12/31/21,4.542939156,17.42007184,30.17811126,-1.320007324
1/3/22,5.578778714,7.955184579,22.36671653,-1.200012207
1/4/22,5.7586326,15.87357983,35.80269721,2.75
1/5/22,5.917302579,18.41082734,37.7281459,-0.160003662
1/6/22,4.765272677,19.77542478,41.92197934,-9.16998291
1/7/22,4.106255263,21.04588026,40.57787335,-0.440002441
1/10/22,1.886403501,7.680760384,25.88067758,-1.850006104
1/11/22,4.913818002,18.96964556,41.65227026,-0.579986572
1/12/22,6.789097309,24.06358501,39.72207078,4.239990234
1/13/22,12.54613757,18.37759349,45.25661942,1.269989014
1/14/22,10.83230409,23.39959365,47.63822573,-6.489990234
1/18/22,3.050809503,17.34168124,25.63722908,0.190002441
1/19/22,5.322993666,20.73795933,35.49636394,-8.230010986
1/20/22,12.18410388,21.24510333,40.24355894,-4.739990234
1/21/22,10.25545803,22.87457862,44.87026951,-5
1/24/22,0.615343869,11.80112934,19.31240731,-8.769989014
1/25/22,5.932506472,22.50532633,35.44325522,1.859985352
1/26/22,14.8340688,25.50529552,42.31322467,-5.369995117
1/27/22,6.054220796,16.3597914,43.37000409,-1.089996338
1/28/22,8.765613317,19.83687192,52.26652753,-2.140014648
1/31/22,2.627682179,9.853036761,20.68513095,10.71002197
2/1/22,3.593041539,16.26961455,39.69052026,7.959991455
2/2/22,11.46437213,22.29028904,39.3981688,3.040008545
2/3/22,11.13310629,16.14903334,44.42066783,4.399993896
2/4/22,7.225241393,22.76464379,43.52272409,-10.75
2/7/22,0.866986096,13.44100648,21.02800232,2.100006104
2/8/22,6.176710486,15.70672506,32.77758557,-1.440002441
2/9/22,8.436445057,18.27820879,42.17379451,3.679992676
2/10/22,12.32511818,16.75751773,44.8927688,6.600006104
2/11/22,8.350003779,30.90145487,51.57432976,-8.220001221
2/14/22,0.855728567,7.810192823,19.71068907,-8.860015869
2/15/22,4.12714982,20.35042578,38.32853511,-1.440002441
2/16/22,10.20117939,21.27168611,43.7110222,7.08001709
2/17/22,8.328026146,26.27303267,42.00946483,0.5
2/18/22,8.294419199,24.42686212,41.1203002,-9.540008545
2/22/22,3.57763207,7.845256329,23.46165505,-2.829986572
2/23/22,6.120565295,24.55065465,37.76854283,-4.660003662
2/24/22,3.053400278,21.2153652,34.74173743,-7.619995117
2/25/22,8.587521851,28.2829358,46.77505907,6.349975586
2/28/22,5.04809165,14.49169755,24.72858918,9.450012207
3/1/22,5.403095841,17.42720655,38.00804317,-1.119995117
3/2/22,2.282533586,28.75930384,43.86704862,-6.649993896
3/3/22,8.920490503,26.87217426,50.3513189,7.910003662
3/4/22,3.956099093,37.0699881,40.33918092,-2.180023193
3/7/22,3.768787682,15.62888744,26.18530083,-3.539978027
3/8/22,4.997021317,16.54334062,37.41280609,-12.74002075
3/9/22,6.510661602,26.42600322,47.00823036,-3.179992676
3/10/22,8.280697435,25.58719447,43.65651369,11.16000366
3/11/22,8.68461749,26.41763601,43.05023068,-1.929992676
3/14/22,1.490944028,11.45865175,19.03903782,-5.410003662
3/15/22,7.961517811,15.02757585,27.83345449,-3.070007324
3/16/22,7.329707682,25.32064191,37.89675015,9.170013428
3/17/22,5.900576055,26.41500905,42.75267851,9.449981689
3/18/22,4.973725677,23.37396935,53.80788475,5.450012207
3/21/22,4.034648538,10.36168236,23.81360167,3.449981689
3/22/22,7.476865947,20.58226466,31.3973408,-0.129974365
3/23/22,8.033184499,20.45100001,40.28866059,5.199981689
3/24/22,7.526519001,22.29590565,48.82916164,-5.790008545
3/25/22,6.993442953,28.18971193,42.24890077,6.690002441
3/28/22,4.469700694,6.688576162,24.53273222,2.200012207
3/29/22,8.494407773,22.28268287,38.05963299,3.220001221
3/30/22,12.98011157,18.7505154,35.79818884,5.639984131
3/31/22,9.226110399,24.60615826,37.55636445,-2.849975586
4/1/22,10.4507013,33.34771243,41.06299287,-7.059997559
4/4/22,1.457647204,11.35559636,21.14785701,1.279998779
4/5/22,10.49108565,14.12608612,39.80813524,3.879974365
4/6/22,10.84747213,22.01006198,43.17562354,-5.769989014
4/7/22,5.758709341,23.90274048,38.25907409,-4.510009766
4/8/22,10.64090481,24.06146425,42.41949394,2.25
4/11/22,0,9.839518338,25.12210047,-1.199981689
4/12/22,4.937825322,12.08370772,53.24005187,-7.649993896
4/13/22,7.228567064,25.45417854,42.23857731,-1.630004883
4/14/22,15.8965905,18.76700312,45.69309527,5.019989014
4/18/22,1.369831026,11.65708703,24.5161683,-5.519989014
4/19/22,2.830530673,21.7361069,26.7961297,0.179992676
4/20/22,6.592714489,18.58371839,48.44118088,7.070007324
4/21/22,10.07751662,15.25538504,38.6354017,-0.33001709
4/22/22,7.182026625,20.64668712,56.092251,-6.649993896
4/25/22,3.497677565,6.402029455,24.9981856,-12.01998901
4/26/22,5.706974179,20.51935863,34.55265751,2.470001221
4/27/22,14.494679,19.14728209,45.60218778,-12.41000366
4/28/22,12.07836467,24.42939463,47.87443501,1.16998291
4/29/22,16.02811998,26.09800619,48.38721108,10.54000854
5/2/22,1.31928587,11.72653282,19.48905015,-15.80999756
5/3/22,5.860808134,17.83269751,32.18105331,2.480010986
5/4/22,13.41765735,21.44057137,43.04481232,1.899993896
5/5/22,10.53737944,17.45111257,51.70940885,12.67999268
5/6/22,11.13386846,21.32499897,42.02507514,-15.25
5/9/22,1.473931015,17.93780559,22.30187786,-2.470001221
5/10/22,6.687905788,15.68353796,43.95247883,-13.16998291
5/11/22,7.753676891,27.68109822,38.60495436,0.91998291
5/12/22,9.692740023,18.47136825,56.35002568,-6.339996338
5/13/22,2.933919817,28.44856355,49.76861852,-0.410003662
5/16/22,2.803513527,7.462757975,27.68937424,9.380004883
5/17/22,7.891160131,19.94284838,44.98472247,-1.630004883
5/18/22,6.92597425,23.26210901,50.15437934,8.230010986
5/19/22,8.305373549,33.16279292,47.82641476,-16.46002197
5/20/22,7.205705225,30.69591811,51.84155187,-2.399993896
5/23/22,1.085642248,8.690314651,25.17417368,0.170013428
5/24/22,6.889724135,19.18259406,40.1661512,7.290008545
5/25/22,8.097768277,26.84169331,34.89075464,-3.029998779
5/26/22,7.34550631,23.94121462,45.10807604,3.479980469
5/27/22,7.361080587,22.54446131,40.18486106,7.940002441
5/31/22,4.389582753,8.298731983,26.85701644,9.950012207
6/1/22,7.973837525,15.73609069,34.75494939,-2.33001709
6/2/22,12.05002406,18.84611797,44.27827892,-3.339996338
6/3/22,7.863709867,23.64867118,57.99918199,7.800018311
6/6/22,5.820383728,7.548042536,19.92977962,-6.850006104
6/7/22,3.476316243,13.2939373,42.91442421,1.25
6/8/22,7.391971946,30.03054115,40.83515239,3.949981689
6/9/22,10.21795183,29.54953161,48.1702444,-4.519989014
6/10/22,10.01034653,26.45068419,39.71598268,-9.779998779
6/13/22,2.198377311,12.99551588,18.44440368,-11.64001465
6/14/22,7.902803659,22.53012031,36.09016758,-14.79998779
6/15/22,5.999750972,36.43703455,39.25953722,-1.130004883
6/16/22,10.03140277,29.92516285,42.24438387,5.33001709
6/17/22,11.8192682,26.35083929,52.42434123,-12.55001831
6/20/22,1.981491685,6.146985173,11.11594403,-0.790008545
6/21/22,4.101222277,14.79965049,15.54494464,9.210021973
6/22/22,11.39257151,24.6065948,42.97547212,-0.679992676
6/23/22,7.869238079,32.03435534,43.2864258,3.66998291
6/24/22,11.76381934,26.7897312,44.55711523,12.01998901
6/27/22,2.624130487,12.40414873,21.78055486,-1.489990234
6/28/22,5.568541467,10.82563543,46.43202525,-7.940002441
6/29/22,7.518815607,24.61975878,53.87559155,-0.309997559
6/30/22,12.95559165,30.71773612,35.85581481,-3.089996338
7/1/22,8.861468434,28.92519453,54.05953726,3.989990234
7/5/22,1.469762623,16.29246268,24.0825651,0.720001221
7/6/22,8.695251822,25.85146627,34.41744223,1.290008545
7/7/22,7.447675556,21.63562512,47.1228995,5.739990234
7/8/22,12.07763147,29.79348683,41.1467309,-0.319976807
7/11/22,0.787479997,14.46521845,20.51130706,-4.440002441
7/12/22,3.590656519,21.58412331,35.18140048,-3.400024414
7/13/22,7.822005689,19.64094692,51.05036265,-2
7/14/22,8.758032918,33.31881875,46.75696999,-0.91998291
7/15/22,7.60973388,33.2942844,54.65741062,7.220001221
7/18/22,4.280855209,12.05739531,17.5033499,-3.179992676
7/19/22,4.668708175,26.60450414,29.22997528,10.31997681
7/20/22,7.772867858,25.09644854,49.47452664,2.5
7/21/22,12.56715414,23.49984074,48.09579444,4.020019531
7/22/22,11.8599771,29.45069227,43.31080127,-3.700012207
7/25/22,4.400734723,9.231399417,21.48444897,0.480010986
7/26/22,3.415037394,27.11344048,35.20596954,-4.679992676
7/27/22,12.84037125,28.18465832,40.57383871,10.1499939
7/28/22,12.92495012,26.97796267,50.36396283,5.029998779
7/29/22,16.6800186,39.84974679,49.14404243,5.91998291
8/1/22,1.608125806,11.94488257,25.83181965,-1.220001221
8/2/22,5.316003829,20.88141036,33.44010782,-2.709991455
8/3/22,12.83597612,29.37484926,32.79302329,6.390014648
8/4/22,7.835122049,23.58078051,43.46273726,-0.279998779
8/5/22,8.071388781,30.80759576,46.21828228,-0.700012207
8/8/22,4.586514652,15.02073324,20.87552336,-0.480010986
8/9/22,8.265413493,26.54274106,41.86481407,-1.639984131
8/10/22,5.091692626,24.7760039,36.6817618,8.639984131
8/11/22,14.15658206,18.8214305,45.33997908,0
8/12/22,4.841055214,23.22527862,36.96458033,7.110015869
8/15/22,2.055876851,10.11520362,23.19780755,1.759979248
8/16/22,5.62031883,14.56884143,35.6837098,0.840026855
8/17/22,6.501827598,25.1104266,45.39329147,-3.050018311
8/18/22,7.358420551,22.17058238,43.09591332,1.240020752
8/19/22,5.237241924,22.37752873,41.4262214,-5.75
8/22/22,3.433417618,7.775046587,24.4821195,-8.790008545
8/23/22,5.102175415,22.21226525,33.94584548,-1
8/24/22,6.419890344,23.25989309,28.39070362,1.320007324
8/25/22,7.301250875,30.45463663,34.69546741,5.839996338
8/26/22,6.06505847,24.49045736,44.67919058,-14.20001221
8/29/22,3.620241821,7.582488865,22.03572297,-2.679992676
8/30/22,5.705520511,13.2272082,39.67914975,-4.420013428
8/31/22,5.259350419,20.66022521,38.64174962,-3.029998779
9/1/22,5.960532665,23.12282979,51.37879682,1.240020752
9/2/22,5.481573105,28.16421553,38.63634965,-4.180023193
9/6/22,4.677705169,17.29447132,26.91417503,-1.479980469
9/7/22,5.501058996,20.07713777,39.23763746,7.019989014
9/8/22,6.60398972,23.80104014,48.38601014,2.600006104
9/9/22,10.13183278,22.07577646,60.61368918,6.220001221
9/12/22,2.574563652,9.306094706,23.28110206,4.369995117
9/13/22,3.872495592,17.9769026,34.21974534,-17.86999512
9/14/22,6.840290278,25.6375697,40.95463002,1.5
9/15/22,8.359527469,29.55743787,43.32712343,-4.480010986
9/16/22,9.523752034,16.2725732,56.32589257,-4.559997559
9/19/22,1.425927818,12.00739449,25.8050434,2.989990234
9/20/22,5.766806304,17.91603625,34.71170008,-4.459991455
9/21/22,9.935790569,28.19068027,38.09031254,-6.699981689
9/22/22,7.615762055,24.79297531,37.56371969,-3.170013428
9/23/22,10.35738516,32.85172898,52.30933404,-6.269989014
9/26/22,1.48623538,10.73261723,26.47856706,-3.640014648
9/27/22,4.631156772,19.20723808,39.64671126,-0.929992676
9/28/22,5.628883779,26.80946669,36.92865556,7.149993896
9/29/22,8.343892127,25.84978923,46.42940557,-7.739990234
9/30/22,9.213490307,39.63991371,43.1742323,-5.610015869
10/3/22,1.204004765,12.32009521,21.61926997,9.429992676
10/4/22,7.112946033,20.52184209,43.79759192,11.36001587
10/5/22,8.45505482,24.01587462,42.51273721,-0.880004883
10/6/22,6.997738838,19.29726371,37.61050859,-3.889984131
10/7/22,11.0397923,25.95771921,45.40818962,-10.41000366
10/10/22,4.310108244,13.29803225,18.63154155,-2.770019531
10/11/22,2.826692164,22.14274868,34.80806735,-2.279998779
10/12/22,8.996113002,21.96026716,49.65269318,-1.179992676
10/13/22,10.93038541,20.6746074,49.43516323,9.410003662
10/14/22,13.63983297,28.47471124,45.1184862,-8.339996338
10/17/22,4.3570306,11.34066457,22.23012814,9.190002441
10/18/22,4.901325881,26.32930794,36.13321513,4.309997559
10/19/22,9.043504357,27.27961031,36.09679329,-2.630004883
10/20/22,6.866319448,21.59562469,38.97839373,-3.089996338
10/21/22,7.834623635,24.58281273,47.23493028,8.880004883
10/24/22,0.758403838,11.82153922,26.61335397,4.579986572
10/25/22,6.382820338,29.6854791,35.10584998,6.050018311
10/26/22,15.12047365,25.12487164,36.15001941,-2.900024414
10/27/22,12.17913616,23.11070633,47.68103027,-2.039978027
10/28/22,14.30812597,29.22405958,45.5873509,9.039978027
10/31/22,1.472962081,15.75112128,24.90665382,-2.809997559
11/1/22,6.41246599,23.03387618,36.55685535,-1.690002441
11/2/22,13.59761602,26.53665161,40.25627437,-9.649993896
11/3/22,9.559800118,23.15159371,47.34899351,-3.859985352
11/4/22,13.86595324,30.59436733,46.39774799,5.339996338
11/7/22,3.291364551,6.366922796,26.4737404,3.600006104
11/8/22,4.5874964,21.97991061,36.66716918,2.049987793
11/9/22,7.556905746,17.5349187,45.04342544,-7.869995117
11/10/22,10.83997917,25.33031353,47.20113158,20.55999756
11/11/22,10.0404073,36.64248595,49.23671755,3.820007324